,0
0,-1
1,-2
2,-3
3,-4
4,-5
5,-6
6,-7
7,-8
8,-9
9,-10
10,-11
11,-12
12,-13
13,-14
14,-15
15,-16
16,-17
17,-18
18,-19
19,-20
20,-21
21,-22
22,-23
23,-24
24,-25
25,-26
26,-27
27,-28
28,-29
29,-30
30,-31
31,-32
32,-33
33,-34
34,-35
35,-36
36,-37
37,-38
38,-39
39,-40
40,-41
41,-42
42,-43
43,-44
44,-45
45,-46
46,-47
47,-48
48,-49
49,-50
50,-37
51,-38
52,-39
53,-40
54,-41
55,-28
56,-29
57,-30
58,-31
59,-32
60,-33
61,-34
62,-35
63,-36
64,-37
65,-38
66,-39
67,-40
68,-27
69,-28
70,-29
71,-30
72,-31
73,-32
74,-33
75,-20
76,-21
77,-22
78,-23
79,-24
80,-25
81,-26
82,-27
83,-28
84,-15
85,-16
86,-17
87,-18
88,-19
89,-6
90,-7
91,-8
92,-9
93,-10
94,-11
95,-12
96,-13
97,-14
98,-15
99,-16
100,-17
101,-18
102,-19
103,-20
104,-21
105,-22
106,-23
107,-24
108,-25
109,-26
110,-27
111,-28
112,-29
113,-30
114,-31
115,-32
116,-33
117,-34
118,-35
119,-36
120,-37
121,-38
122,-39
123,-40
124,-41
125,-42
126,-43
127,-44
128,-45
129,-46
130,-47
131,-48
132,-49
133,-50
134,-51
135,-52
136,-53
137,-54
138,-55
139,-56
140,-43
141,-44
142,-45
143,-46
144,-47
145,-48
146,-49
147,-50
148,-51
149,-38
150,-39
151,-40
152,-27
153,-28
154,-29
155,-30
156,-31
157,-18
158,-19
159,-20
160,-21
161,-22
162,-23
163,-24
164,-25
165,-26
166,-13
167,-14
168,-15
169,-16
170,-17
171,-4
172,-5
173,-6
174,-7
175,-8
176,-9
177,-10
178,-11
179,-12
180,-13
181,-14
182,-15
183,-16
184,-17
185,-18
186,-19
187,-20
188,-21
189,-22
190,-23
191,-24
192,-25
193,-26
194,-27
195,-28
196,-29
197,-30
198,-31
199,-32
200,-33
201,-34
202,-35
203,-36
204,-37
205,-38
206,-39
207,-40
208,-41
209,-42
210,-43
211,-44
212,-45
213,-46
214,-47
215,-48
216,-49
217,-50
218,-37
219,-38
220,-39
221,-40
222,-41
223,-42
224,-43
225,-44
226,-45
227,-46
228,-47
229,-48
230,-49
231,-50
232,-51
233,-52
234,-53
235,-54
236,-55
237,-56
238,-57
239,-58
240,-59
241,-60
242,-61
243,-62
244,-63
245,-64
246,-65
247,-66
248,-67
249,-68
250,-69
251,-70
252,-71
253,-72
254,-73
255,-60
256,-61
257,-62
258,-63
259,-64
260,-65
261,-66
262,-67
263,-68
264,-69
265,-70
266,-71
267,-72
268,-73
269,-74
270,-75
271,-76
272,-77
273,-78
274,-79
275,-80
276,-67
277,-68
278,-69
279,-70
280,-71
281,-58
282,-59
283,-60
284,-61
285,-62
286,-63
287,-64
288,-65
289,-66
290,-67
291,-68
292,-69
293,-70
294,-71
295,-72
296,-73
297,-74
298,-75
299,-76
300,-77
301,-78
302,-79
303,-80
304,-81
305,-82
306,-83
307,-84
308,-85
309,-86
310,-87
311,-88
312,-89
313,-90
314,-91
315,-92
316,-93
317,-94
318,-95
319,-96
320,-97
321,-98
322,-85
323,-86
324,-87
325,-88
326,-89
327,-76
328,-77
329,-78
330,-65
331,-66
332,-67
333,-68
334,-69
335,-70
336,-71
337,-72
338,-73
339,-60
340,-61
341,-62
342,-49
343,-50
344,-51
345,-52
346,-53
347,-54
348,-55
349,-56
350,-57
351,-58
352,-59
353,-60
354,-61
355,-62
356,-63
357,-50
358,-51
359,-52
360,-53
361,-54
362,-55
363,-56
364,-43
365,-44
366,-45
367,-46
368,-47
369,-48
370,-49
371,-50
372,-51
373,-52
374,-53
375,-54
376,-55
377,-56
378,-57
379,-58
380,-59
381,-60
382,-61
383,-62
384,-63
385,-64
386,-65
387,-66
388,-67
389,-68
390,-69
391,-70
392,-71
393,-72
394,-73
395,-74
396,-75
397,-76
398,-77
399,-78
400,-79
401,-80
402,-81
403,-82
404,-83
405,-70
406,-71
407,-72
408,-73
409,-74
410,-75
411,-76
412,-77
413,-78
414,-79
415,-80
416,-81
417,-82
418,-83
419,-84
420,-85
421,-86
422,-87
423,-88
424,-89
425,-90
426,-91
427,-92
428,-93
429,-94
430,-95
431,-96
432,-97
433,-98
434,-99
435,-100
436,-101
437,-102
438,-103
439,-104
440,-105
441,-106
442,-107
443,-108
444,-109
445,-110
446,-111
447,-112
448,-113
449,-114
450,-115
451,-116
452,-117
453,-118
454,-119
455,-120
456,-121
457,-122
458,-123
459,-124
460,-125
461,-126
462,-127
463,-128
464,-129
465,-130
466,-117
467,-118
468,-119
469,-120
470,-121
471,-122
472,-123
473,-124
474,-125
475,-126
476,-127
477,-128
478,-129
479,-130
480,-131
481,-132
482,-133
483,-134
484,-135
485,-136
486,-137
487,-138
488,-139
489,-140
490,-141
491,-142
492,-143
493,-144
494,-145
495,-146
496,-147
497,-148
498,-149
499,-150
500,-151
501,-152
502,-153
503,-154
504,-155
505,-156
506,-157
507,-158
508,-159
509,-160
510,-161
511,-162
512,-163
513,-164
514,-165
515,-166
516,-167
517,-168
518,-169
519,-170
520,-171
521,-172
522,-173
523,-174
524,-175
525,-176
526,-177
527,-164
528,-165
529,-166
530,-167
531,-168
532,-169
533,-170
534,-171
535,-172
536,-173
537,-174
538,-175
539,-176
540,-177
541,-178
542,-179
543,-180
544,-167
545,-168
546,-169
547,-170
548,-171
549,-172
550,-173
551,-174
552,-175
553,-176
554,-177
555,-178
556,-179
557,-180
558,-181
559,-182
560,-183
561,-184
562,-185
563,-186
564,-187
565,-188
566,-189
567,-190
568,-191
569,-192
570,-193
571,-194
572,-195
573,-196
574,-197
575,-198
576,-199
577,-200
578,-201
579,-202
580,-203
581,-204
582,-205
583,-206
584,-207
585,-208
586,-209
587,-210
588,-211
589,-212
590,-213
591,-214
592,-215
593,-216
594,-217
595,-218
596,-219
597,-220
598,-221
599,-222
600,-223
601,-224
602,-225
603,-226
604,-227
605,-228
606,-229
607,-230
608,-231
609,-232
610,-233
611,-234
612,-235
613,-236
614,-237
615,-238
616,-239
617,-240
618,-241
619,-242
620,-243
621,-244
622,-245
623,-246
624,-247
625,-248
626,-249
627,-250
628,-251
629,-252
630,-253
631,-254
632,-255
633,-256
634,-257
635,-258
636,-259
637,-260
638,-261
639,-262
640,-263
641,-264
642,-265
643,-266
644,-267
645,-268
646,-269
647,-270
648,-271
649,-272
650,-273
651,-274
652,-275
653,-276
654,-277
655,-264
656,-265
657,-266
658,-267
659,-268
660,-269
661,-270
662,-271
663,-272
664,-273
665,-274
666,-275
667,-276
668,-277
669,-278
670,-279
671,-280
672,-281
673,-282
674,-283
675,-284
676,-285
677,-286
678,-287
679,-288
680,-289
681,-290
682,-291
683,-292
684,-293
685,-294
686,-295
687,-296
688,-297
689,-298
690,-299
691,-300
692,-301
693,-302
694,-303
695,-304
696,-305
697,-306
698,-307
699,-308
700,-309
701,-310
702,-311
703,-312
704,-313
705,-314
706,-315
707,-316
708,-317
709,-318
710,-319
711,-320
712,-321
713,-322
714,-323
715,-324
716,-325
717,-326
718,-327
719,-328
720,-329
721,-330
722,-331
723,-332
724,-333
725,-334
726,-335
727,-336
728,-337
729,-338
730,-339
731,-340
732,-341
733,-342
734,-343
735,-344
736,-345
737,-346
738,-347
739,-348
740,-349
741,-350
742,-351
743,-352
744,-353
745,-354
746,-355
747,-356
748,-357
749,-358
750,-359
751,-360
752,-361
753,-362
754,-363
755,-364
756,-365
757,-366
758,-367
759,-368
760,-369
761,-370
762,-371
763,-372
764,-373
765,-374
766,-375
767,-376
768,-377
769,-378
770,-379
771,-380
772,-381
773,-382
774,-383
775,-384
776,-385
777,-386
778,-387
779,-388
780,-389
781,-390
782,-391
783,-392
784,-393
785,-394
786,-395
787,-396
788,-397
789,-398
790,-399
791,-400
792,-401
793,-402
794,-403
795,-404
796,-405
797,-406
798,-407
799,-408
800,-409
801,-410
802,-397
803,-398
804,-399
805,-400
806,-401
807,-402
808,-403
809,-404
810,-405
811,-406
812,-407
813,-408
814,-409
815,-410
816,-411
817,-412
818,-413
819,-414
820,-415
821,-416
822,-417
823,-418
824,-419
825,-406
826,-407
827,-408
828,-409
829,-410
830,-411
831,-412
832,-413
833,-414
834,-415
835,-416
836,-417
837,-418
838,-419
839,-420
840,-421
841,-422
842,-423
843,-424
844,-425
845,-426
846,-427
847,-428
848,-429
849,-430
850,-417
851,-418
852,-419
853,-420
854,-421
855,-422
856,-423
857,-424
858,-425
859,-426
860,-427
861,-414
862,-1
863,-2
864,-3
865,-4
866,-5
867,-6
868,-7
869,-8
870,5
871,4
872,3
873,2
874,1
875,0
876,-1
877,12
878,11
879,10
880,9
881,8
882,21
883,20
884,19
885,18
886,17
887,30
888,29
889,28
890,27
891,26
892,25
893,24
894,23
895,22
896,21
897,20
898,33
899,32
900,31
901,30
902,29
903,28
904,27
905,26
906,25
907,24
908,23
909,22
910,21
911,20
912,19
913,18
914,17
915,30
916,29
917,28
918,41
919,40
920,39
921,38
922,37
923,36
924,35
925,34
926,33
927,32
928,31
929,30
930,29
931,42
932,41
933,40
934,39
935,38
936,37
937,36
938,35
939,34
940,33
941,32
942,31
943,30
944,43
945,42
946,41
947,54
948,53
949,52
950,51
951,50
952,49
953,48
954,47
955,46
956,45
957,44
958,43
959,42
960,41
961,40
962,39
963,38
964,37
965,36
966,35
967,34
968,33
969,32
970,31
971,30
972,29
973,28
974,27
975,26
976,25
977,24
978,23
979,22
980,21
981,20
982,19
983,18
984,17
985,16
986,29
987,28
988,27
989,26
990,25
991,24
992,23
993,22
994,21
995,20
996,19
997,18
998,17
999,16
1000,15
1001,14
1002,13
1003,12
1004,11
1005,24
1006,23
1007,22
1008,21
1009,20
1010,19
1011,18
1012,17
1013,16
1014,15
1015,14
1016,13
1017,12
1018,11
1019,10
1020,9
1021,8
1022,21
1023,20
1024,19
1025,18
1026,17
1027,30
1028,29
1029,28
1030,27
1031,26
1032,25
1033,24
1034,23
1035,22
1036,35
1037,34
1038,33
1039,32
1040,31
1041,30
1042,29
1043,28
1044,27
1045,26
1046,25
1047,24
1048,23
1049,22
1050,21
1051,20
1052,19
1053,18
1054,17
1055,16
1056,15
1057,14
1058,13
1059,12
1060,11
1061,10
1062,9
1063,8
1064,7
1065,6
1066,5
1067,4
1068,3
1069,2
1070,1
1071,0
1072,-1
1073,-2
1074,-3
1075,-4
1076,-5
1077,-6
1078,-7
1079,-8
1080,-9
1081,4
1082,3
1083,2
1084,1
1085,0
1086,-1
1087,-2
1088,-3
1089,-4
1090,-5
1091,-6
1092,-7
1093,-8
1094,-9
1095,-10
1096,-11
1097,-12
1098,-13
1099,-14
1100,-15
1101,-16
1102,-17
1103,-18
1104,-19
1105,-20
1106,-21
1107,-22
1108,-23
1109,-24
1110,-25
1111,-26
1112,-27
1113,-28
1114,-15
1115,-16
1116,-17
1117,-18
1118,-19
1119,-20
1120,-21
1121,-22
1122,-23
1123,-24
1124,-25
1125,-12
1126,-13
1127,-14
1128,-15
1129,-16
1130,-17
1131,-18
1132,-19
1133,-20
1134,-21
1135,-22
1136,-23
1137,-24
1138,-11
1139,-12
1140,-13
1141,-14
1142,-15
1143,-16
1144,-17
1145,-18
1146,-19
1147,-20
1148,-21
1149,-22
1150,-23
1151,-10
1152,-11
1153,-12
1154,-13
1155,-14
1156,-15
1157,-16
1158,-17
1159,-18
1160,-19
1161,-20
1162,-21
1163,-22
1164,-9
1165,-10
1166,-11
1167,-12
1168,-13
1169,-14
1170,-15
1171,-16
1172,-17
1173,-18
1174,-19
1175,-20
1176,-21
1177,-22
1178,-23
1179,-24
1180,-25
1181,-26
1182,-27
1183,-14
1184,-15
1185,-16
1186,-17
1187,-18
1188,-19
1189,-20
1190,-21
1191,-22
1192,-23
1193,-24
1194,-25
1195,-26
1196,-27
1197,-28
1198,-29
1199,-30
1200,-31
1201,-32
1202,-33
1203,-34
1204,-35
1205,-36
1206,-37
1207,-38
1208,-25
1209,-26
1210,-27
1211,-28
1212,-29
1213,-30
1214,-31
1215,-32
1216,-33
1217,-20
1218,-21
1219,-22
1220,-23
1221,-24
1222,-25
1223,-26
1224,-27
1225,-28
1226,-29
1227,-30
1228,-31
1229,-32
1230,-19
1231,-20
1232,-21
1233,-22
1234,-23
1235,-24
1236,-25
1237,-26
1238,-27
1239,-28
1240,-29
1241,-30
1242,-31
1243,-32
1244,-33
1245,-34
1246,-35
1247,-36
1248,-37
1249,-38
1250,-39
1251,-40
1252,-41
1253,-42
1254,-43
1255,-44
1256,-45
1257,-46
1258,-47
1259,-48
1260,-49
1261,-50
1262,-51
1263,-52
1264,-53
1265,-54
1266,-55
1267,-56
1268,-57
1269,-58
1270,-59
1271,-60
1272,-61
1273,-62
1274,-63
1275,-50
1276,-51
1277,-52
1278,-39
1279,-40
1280,-41
1281,-42
1282,-43
1283,-44
1284,-45
1285,-46
1286,-47
1287,-48
1288,-49
1289,-50
1290,-51
1291,-52
1292,-53
1293,-54
1294,-55
1295,-56
1296,-57
1297,-58
1298,-59
1299,-60
1300,-61
1301,-62
1302,-63
1303,-64
1304,-65
1305,-66
1306,-67
1307,-68
1308,-69
1309,-70
1310,-71
1311,-72
1312,-73
1313,-74
1314,-75
1315,-76
1316,-77
1317,-78
1318,-79
1319,-80
1320,-81
1321,-82
1322,-83
1323,-84
1324,-85
1325,-86
1326,-87
1327,-88
1328,-89
1329,-90
1330,-91
1331,-92
1332,-93
1333,-94
1334,-95
1335,-96
1336,-97
1337,-98
1338,-99
1339,-86
1340,-87
1341,-88
1342,-89
1343,-90
1344,-91
1345,-92
1346,-93
1347,-94
1348,-95
1349,-96
1350,-97
1351,-98
1352,-99
1353,-100
1354,-101
1355,-102
1356,-103
1357,-104
1358,-105
1359,-106
1360,-107
1361,-108
1362,-109
1363,-110
1364,-111
1365,-112
1366,-113
1367,-114
1368,-101
1369,-102
1370,-103
1371,-104
1372,-105
1373,-106
1374,-107
1375,-108
1376,-109
1377,-110
1378,-111
1379,-112
1380,-113
1381,-114
1382,-115
1383,-116
1384,-117
1385,-118
1386,-119
1387,-120
1388,-121
1389,-122
1390,-123
1391,-110
1392,-111
1393,-112
1394,-113
1395,-114
1396,-115
1397,-116
1398,-117
1399,-118
1400,-119
1401,-120
1402,-107
1403,-108
1404,-109
1405,-110
1406,-111
1407,-112
1408,-113
1409,-114
1410,-115
1411,-116
1412,-117
1413,-118
1414,-119
1415,-120
1416,-121
1417,-122
1418,-123
1419,-124
1420,-125
1421,-126
1422,-127
1423,-128
1424,-129
1425,-130
1426,-131
1427,-132
1428,-133
1429,-134
1430,-135
1431,-136
1432,-137
1433,-138
1434,-139
1435,-140
1436,-141
1437,-142
1438,-143
1439,-144
1440,-145
1441,-146
1442,-147
1443,-148
1444,-149
1445,-150
1446,-151
1447,-152
1448,-153
1449,-154
1450,-155
1451,-156
1452,-157
1453,-158
1454,-159
1455,-160
1456,-161
1457,-162
1458,-163
1459,-164
1460,-165
1461,-166
1462,-167
1463,-168
1464,-169
1465,-170
1466,-171
1467,-172
1468,-173
1469,-174
1470,-175
1471,-176
1472,-177
1473,-178
1474,-179
1475,-180
1476,-181
1477,-182
1478,-183
1479,-184
1480,-185
1481,-186
1482,-187
1483,-188
1484,-189
1485,-190
1486,-191
1487,-192
1488,-193
1489,-194
1490,-195
1491,-196
1492,-197
1493,-184
1494,-1
1495,-2
1496,-3
1497,-4
1498,-5
1499,-6
1500,-7
1501,-8
1502,-9
1503,-10
1504,-11
1505,-12
1506,-13
1507,-14
1508,-1
1509,-2
1510,-3
1511,10
1512,9
1513,8
1514,7
1515,6
1516,5
1517,4
1518,3
1519,2
1520,1
1521,0
1522,-1
1523,-2
1524,-3
1525,-4
1526,-5
1527,-6
1528,-7
1529,-8
1530,-9
1531,-10
1532,3
1533,2
1534,1
1535,0
1536,-1
1537,-2
1538,-3
1539,-4
1540,-5
1541,8
1542,7
1543,6
1544,5
1545,4
1546,3
1547,2
1548,15
1549,14
1550,13
1551,26
1552,25
1553,24
1554,23
1555,22
1556,35
1557,34
1558,33
1559,32
1560,31
1561,30
1562,29
1563,28
1564,27
1565,26
1566,25
1567,24
1568,23
1569,36
1570,35
1571,34
1572,33
1573,32
1574,31
1575,30
1576,29
1577,28
1578,27
1579,26
1580,39
1581,38
1582,37
1583,36
1584,35
1585,34
1586,33
1587,32
1588,31
1589,30
1590,29
1591,28
1592,27
1593,26
1594,25
1595,24
1596,23
1597,22
1598,21
1599,34
1600,33
1601,32
1602,45
1603,44
1604,43
1605,56
1606,55
1607,54
1608,67
1609,66
1610,65
1611,64
1612,63
1613,76
1614,75
1615,74
1616,73
1617,72
1618,71
1619,70
1620,69
1621,68
1622,67
1623,66
1624,65
1625,64
1626,63
1627,62
1628,61
1629,60
1630,59
1631,58
1632,57
1633,56
1634,55
1635,54
1636,53
1637,52
1638,51
1639,50
1640,49
1641,48
1642,47
1643,46
1644,45
1645,44
1646,43
1647,42
1648,41
1649,40
1650,39
1651,38
1652,37
1653,36
1654,35
1655,34
1656,33
1657,32
1658,31
1659,30
1660,29
1661,28
1662,27
1663,26
1664,25
1665,24
1666,23
1667,22
1668,21
1669,20
1670,19
1671,18
1672,31
1673,30
1674,29
1675,28
1676,27
1677,26
1678,25
1679,24
1680,23
1681,22
1682,21
1683,20
1684,19
1685,18
1686,17
1687,16
1688,15
1689,14
1690,13
1691,12
1692,11
1693,10
1694,9
1695,8
1696,7
1697,6
1698,5
1699,4
1700,3
1701,2
1702,1
1703,0
1704,-1
1705,-2
1706,-3
1707,-4
1708,-5
1709,-6
1710,-7
1711,-8
1712,-9
1713,-10
1714,-11
1715,-12
1716,-13
1717,-14
1718,-15
1719,-16
1720,-17
1721,-18
1722,-19
1723,-20
1724,-21
1725,-22
1726,-23
1727,-24
1728,-25
1729,-26
1730,-27
1731,-14
1732,-15
1733,-16
1734,-17
1735,-18
1736,-19
1737,-20
1738,-21
1739,-22
1740,-23
1741,-24
1742,-25
1743,-26
1744,-27
1745,-28
1746,-29
1747,-30
1748,-31
1749,-32
1750,-33
1751,-34
1752,-35
1753,-36
1754,-37
1755,-38
1756,-39
1757,-40
1758,-41
1759,-42
1760,-43
1761,-44
1762,-45
1763,-46
1764,-47
1765,-48
1766,-49
1767,-50
1768,-51
1769,-52
1770,-39
1771,-40
1772,-41
1773,-42
1774,-43
1775,-44
1776,-45
1777,-46
1778,-47
1779,-48
1780,-49
1781,-36
1782,-37
1783,-38
1784,-39
1785,-40
1786,-41
1787,-42
1788,-43
1789,-44
1790,-45
1791,-46
1792,-47
1793,-48
1794,-35
1795,-36
1796,-37
1797,-38
1798,-39
1799,-40
1800,-41
1801,-28
1802,-29
1803,-30
1804,-31
1805,-32
1806,-33
1807,-34
1808,-35
1809,-36
1810,-37
1811,-38
1812,-39
1813,-40
1814,-41
1815,-42
1816,-43
1817,-44
1818,-31
1819,-32
1820,-33
1821,-34
1822,-35
1823,-36
1824,-37
1825,-24
1826,-25
1827,-26
1828,-27
1829,-28
1830,-29
1831,-30
1832,-31
1833,-32
1834,-33
1835,-34
1836,-35
1837,-36
1838,-37
1839,-38
1840,-39
1841,-40
1842,-41
1843,-42
1844,-43
1845,-44
1846,-45
1847,-46
1848,-33
1849,-34
1850,-35
1851,-36
1852,-37
1853,-38
1854,-39
1855,-40
1856,-41
1857,-42
1858,-43
1859,-44
1860,-45
1861,-46
1862,-47
1863,-48
1864,-49
1865,-50
1866,-51
1867,-52
1868,-53
1869,-54
1870,-55
1871,-56
1872,-57
1873,-58
1874,-59
1875,-60
1876,-61
1877,-62
1878,-63
1879,-64
1880,-65
1881,-66
1882,-67
1883,-68
1884,-69
1885,-70
1886,-71
1887,-72
1888,-73
1889,-74
1890,-75
1891,-76
1892,-77
1893,-78
1894,-79
1895,-80
1896,-81
1897,-82
1898,-83
1899,-84
1900,-85
1901,-86
1902,-87
1903,-88
1904,-89
1905,-76
1906,-77
1907,-78
1908,-79
1909,-80
1910,-81
1911,-82
1912,-83
1913,-84
1914,-85
1915,-86
1916,-87
1917,-88
1918,-89
1919,-90
1920,-91
1921,-92
1922,-93
1923,-94
1924,-95
1925,-96
1926,-83
1927,-84
1928,-85
1929,-86
1930,-87
1931,-88
1932,-89
1933,-90
1934,-91
1935,-92
1936,-93
1937,-94
1938,-95
1939,-96
1940,-97
1941,-98
1942,-99
1943,-100
1944,-101
1945,-88
1946,-89
1947,-90
1948,-91
1949,-92
1950,-93
1951,-94
1952,-95
1953,-96
1954,-97
1955,-98
1956,-99
1957,-100
1958,-101
1959,-102
1960,-103
1961,-104
1962,-105
1963,-106
1964,-93
1965,-94
1966,-95
1967,-96
1968,-97
1969,-98
1970,-99
1971,-100
1972,-101
1973,-102
1974,-103
1975,-104
1976,-105
1977,-106
1978,-107
1979,-108
1980,-109
1981,-110
1982,-111
1983,-112
1984,-113
1985,-114
1986,-115
1987,-116
1988,-117
1989,-118
1990,-119
1991,-120
1992,-121
1993,-122
1994,-123
1995,-124
1996,-125
1997,-126
1998,-127
1999,-128
2000,-129
2001,-130
2002,-131
2003,-132
2004,-133
2005,-134
2006,-135
2007,-136
2008,-137
2009,-138
2010,-139
2011,-140
2012,-141
2013,-142
2014,-143
2015,-144
2016,-145
2017,-132
2018,-133
2019,-134
2020,-135
2021,-136
2022,-137
2023,-138
2024,-139
2025,-140
2026,-127
2027,-128
2028,-129
2029,-130
2030,-131
2031,-132
2032,-133
2033,-134
2034,-135
2035,-136
2036,-137
2037,-138
2038,-139
2039,-140
2040,-141
2041,-142
2042,-143
2043,-144
2044,-145
2045,-146
2046,-147
2047,-148
2048,-149
2049,-150
2050,-151
2051,-152
2052,-153
2053,-140
2054,-141
2055,-142
2056,-143
2057,-144
2058,-145
2059,-146
2060,-147
2061,-148
2062,-149
2063,-150
2064,-151
2065,-152
2066,-153
2067,-154
2068,-155
2069,-156
2070,-157
2071,-158
2072,-145
2073,-146
2074,-147
2075,-148
2076,-149
2077,-150
2078,-151
2079,-152
2080,-153
2081,-154
2082,-155
2083,-156
2084,-157
2085,-158
2086,-159
2087,-160
2088,-161
2089,-162
2090,-163
2091,-164
2092,-165
2093,-166
2094,-167
2095,-168
2096,-169
2097,-170
2098,-171
2099,-172
2100,-173
2101,-174
2102,-175
2103,-176
2104,-177
2105,-178
2106,-179
2107,-180
2108,-181
2109,-182
2110,-183
2111,-184
2112,-185
2113,-186
2114,-187
2115,-188
2116,-189
2117,-190
2118,-191
2119,-192
2120,-193
2121,-194
2122,-195
2123,-196
2124,-197
2125,-198
2126,-199
2127,-200
2128,-201
2129,-202
2130,-203
2131,-204
2132,-205
2133,-206
2134,-207
2135,-208
2136,-209
2137,-210
2138,-211
2139,-212
2140,-213
2141,-214
2142,-215
2143,-216
2144,-217
2145,-218
2146,-219
2147,-220
2148,-221
2149,-222
2150,-223
2151,-224
2152,-225
2153,-226
2154,-227
2155,-228
2156,-229
2157,-230
2158,-231
2159,-232
2160,-233
2161,-234
2162,-235
2163,-236
2164,-237
2165,-238
2166,-239
2167,-240
2168,-241
2169,-242
2170,-243
2171,-244
2172,-245
2173,-246
2174,-247
2175,-248
2176,-249
2177,-250
2178,-251
2179,-238
2180,-1
2181,-2
2182,-3
2183,-4
2184,9
2185,8
2186,7
2187,6
2188,5
2189,4
2190,3
2191,2
2192,1
2193,0
2194,-1
2195,-2
2196,-3
2197,-4
2198,-5
2199,8
2200,7
2201,6
2202,5
2203,4
2204,3
2205,2
2206,1
2207,0
2208,-1
2209,-2
2210,11
2211,10
2212,9
2213,8
2214,7
2215,6
2216,5
2217,4
2218,3
2219,16
2220,15
2221,14
2222,13
2223,12
2224,11
2225,10
2226,9
2227,8
2228,7
2229,6
2230,5
2231,4
2232,3
2233,2
2234,1
2235,0
2236,-1
2237,-2
2238,-3
2239,-4
2240,-5
2241,-6
2242,-7
2243,-8
2244,-9
2245,-10
2246,-11
2247,-12
2248,-13
2249,-14
2250,-1
2251,-2
2252,-3
2253,-4
2254,-5
2255,-6
2256,-7
2257,-8
2258,-9
2259,4
2260,3
2261,2
2262,1
2263,0
2264,-1
2265,-2
2266,-3
2267,-4
2268,-5
2269,-6
2270,-7
2271,-8
2272,5
2273,4
2274,3
2275,2
2276,1
2277,14
2278,13
2279,12
2280,25
2281,24
2282,23
2283,22
2284,21
2285,20
2286,19
2287,18
2288,17
2289,16
2290,15
2291,14
2292,13
2293,12
2294,11
2295,10
2296,9
2297,8
2298,7
2299,6
2300,5
2301,18
2302,17
2303,16
2304,15
2305,14
2306,13
2307,12
2308,11
2309,10
2310,9
2311,8
2312,7
2313,6
2314,5
2315,4
2316,17
2317,16
2318,15
2319,14
2320,13
2321,26
2322,25
2323,24
2324,23
2325,22
2326,21
2327,20
2328,19
2329,18
2330,31
2331,30
2332,29
2333,42
2334,41
2335,40
2336,53
2337,52
2338,51
2339,50
2340,49
2341,48
2342,47
2343,60
2344,59
2345,58
2346,57
2347,56
2348,55
2349,54
2350,67
2351,66
2352,65
2353,64
2354,63
2355,76
2356,75
2357,74
2358,73
2359,72
2360,85
2361,84
2362,83
2363,82
2364,81
2365,94
2366,93
2367,92
2368,91
2369,90
2370,89
2371,88
2372,87
2373,86
2374,99
2375,98
2376,97
2377,96
2378,95
2379,94
2380,93
2381,92
2382,91
2383,90
2384,89
2385,88
2386,87
2387,86
2388,85
2389,84
2390,83
2391,82
2392,81
2393,80
2394,79
2395,78
2396,77
2397,90
2398,89
2399,88
2400,101
2401,100
2402,99
2403,98
2404,97
2405,96
2406,95
2407,94
2408,93
2409,92
2410,91
2411,90
2412,89
2413,88
2414,87
2415,100
2416,99
2417,98
2418,111
2419,110
2420,109
2421,108
2422,107
2423,106
2424,105
2425,104
2426,103
2427,102
2428,101
2429,100
2430,99
2431,98
2432,97
2433,96
2434,95
2435,94
2436,93
2437,92
2438,91
2439,90
2440,89
2441,88
2442,87
2443,86
2444,85
2445,84
2446,83
2447,82
2448,81
2449,80
2450,79
2451,78
2452,77
2453,76
2454,75
2455,74
2456,73
2457,72
2458,71
2459,70
2460,69
2461,68
2462,67
2463,66
2464,65
2465,64
2466,63
2467,62
2468,61
2469,60
2470,59
2471,58
2472,57
2473,70
2474,69
2475,68
2476,67
2477,66
2478,65
2479,64
2480,63
2481,62
2482,61
2483,60
2484,59
2485,58
2486,57
2487,56
2488,55
2489,54
2490,53
2491,52
2492,51
2493,50
2494,49
2495,48
2496,47
2497,46
2498,45
2499,44
2500,43
2501,42
2502,55
2503,54
2504,53
2505,52
2506,51
2507,50
2508,49
2509,48
2510,47
2511,46
2512,45
2513,44
2514,43
2515,42
2516,41
2517,40
2518,39
2519,38
2520,37
2521,36
2522,35
2523,34
2524,33
2525,32
2526,31
2527,30
2528,29
2529,28
2530,27
2531,26
2532,25
2533,24
2534,23
2535,22
2536,21
2537,20
2538,19
2539,18
2540,17
2541,16
2542,15
2543,14
2544,13
2545,26
2546,25
2547,24
2548,23
2549,22
2550,21
2551,20
2552,19
2553,18
2554,17
2555,16
2556,15
2557,14
2558,13
2559,12
2560,25
2561,24
2562,23
2563,22
2564,21
2565,20
2566,19
2567,18
2568,17
2569,30
2570,29
2571,28
2572,27
2573,26
2574,25
2575,24
2576,23
2577,22
2578,21
2579,20
2580,19
2581,18
2582,17
2583,16
2584,15
2585,14
2586,13
2587,12
2588,11
2589,10
2590,9
2591,8
2592,7
2593,6
2594,5
2595,4
2596,3
2597,2
2598,15
2599,14
2600,13
2601,12
2602,11
2603,10
2604,9
2605,8
2606,7
2607,6
2608,5
2609,4
2610,3
2611,2
2612,1
2613,0
2614,-1
2615,-2
2616,-3
2617,-4
2618,-5
2619,-6
2620,-7
2621,-8
2622,-9
2623,-10
2624,-11
2625,-12
2626,-13
2627,-14
2628,-15
2629,-16
2630,-17
2631,-18
2632,-19
2633,-20
2634,-21
2635,-22
2636,-23
2637,-24
2638,-25
2639,-26
2640,-27
2641,-28
2642,-29
2643,-30
2644,-31
2645,-32
2646,-33
2647,-34
2648,-35
2649,-36
2650,-37
2651,-38
2652,-39
2653,-40
2654,-41
2655,-42
2656,-43
2657,-44
2658,-45
2659,-46
2660,-47
2661,-48
2662,-49
2663,-50
2664,-51
2665,-52
2666,-53
2667,-54
2668,-55
2669,-56
2670,-57
2671,-58
2672,-59
2673,-60
2674,-61
2675,-62
2676,-63
2677,-64
2678,-65
2679,-66
2680,-67
2681,-68
2682,-69
2683,-70
2684,-71
2685,-72
2686,-73
2687,-74
2688,-75
2689,-76
2690,-77
2691,-78
2692,-79
2693,-80
2694,-81
2695,-82
2696,-83
2697,-84
2698,-85
2699,-86
2700,-87
2701,-88
2702,-89
2703,-90
2704,-91
2705,-92
2706,-93
2707,-94
2708,-95
2709,-96
2710,-97
2711,-98
2712,-99
2713,-100
2714,-101
2715,-102
2716,-103
2717,-90
2718,-1
2719,-2
2720,-3
2721,-4
2722,-5
2723,-6
2724,7
2725,6
2726,5
2727,4
2728,3
2729,2
2730,1
2731,0
2732,-1
2733,12
2734,11
2735,10
2736,9
2737,8
2738,21
2739,20
2740,19
2741,18
2742,17
2743,16
2744,15
2745,14
2746,13
2747,12
2748,11
2749,10
2750,9
2751,22
2752,21
2753,20
2754,19
2755,18
2756,17
2757,16
2758,29
2759,28
2760,27
2761,26
2762,25
2763,24
2764,23
2765,22
2766,21
2767,20
2768,19
2769,18
2770,17
2771,16
2772,15
2773,14
2774,13
2775,12
2776,11
2777,10
2778,9
2779,22
2780,21
2781,20
2782,19
2783,18
2784,17
2785,16
2786,15
2787,14
2788,27
2789,26
2790,25
2791,24
2792,23
2793,22
2794,21
2795,34
2796,33
2797,32
2798,31
2799,30
2800,29
2801,28
2802,27
2803,26
2804,25
2805,24
2806,23
2807,22
2808,21
2809,20
2810,19
2811,18
2812,17
2813,16
2814,29
2815,28
2816,27
2817,40
2818,39
2819,38
2820,51
2821,50
2822,49
2823,48
2824,47
2825,46
2826,45
2827,58
2828,57
2829,56
2830,55
2831,54
2832,53
2833,52
2834,65
2835,64
2836,63
2837,62
2838,61
2839,60
2840,59
2841,58
2842,57
2843,56
2844,55
2845,54
2846,53
2847,52
2848,51
2849,50
2850,49
2851,48
2852,47
2853,46
2854,45
2855,44
2856,43
2857,56
2858,55
2859,54
2860,53
2861,52
2862,51
2863,50
2864,49
2865,48
2866,47
2867,46
2868,45
2869,44
2870,57
2871,56
2872,55
2873,54
2874,53
2875,52
2876,51
2877,50
2878,49
2879,48
2880,47
2881,46
2882,45
2883,44
2884,43
2885,42
2886,41
2887,40
2888,39
2889,38
2890,37
2891,36
2892,35
2893,34
2894,33
2895,32
2896,31
2897,30
2898,29
2899,28
2900,27
2901,26
2902,25
2903,24
2904,23
2905,22
2906,21
2907,20
2908,19
2909,18
2910,17
2911,16
2912,15
2913,14
2914,13
2915,12
2916,11
2917,10
2918,9
2919,8
2920,7
2921,6
2922,5
2923,4
2924,3
2925,2
2926,1
2927,0
2928,-1
2929,-2
2930,-3
2931,-4
2932,-5
2933,-6
2934,-7
2935,-8
2936,-9
2937,-10
2938,-11
2939,-12
2940,-13
2941,-14
2942,-15
2943,-16
2944,-17
2945,-18
2946,-19
2947,-20
2948,-21
2949,-22
2950,-23
2951,-24
2952,-25
2953,-12
2954,-13
2955,-14
2956,-15
2957,-16
2958,-3
2959,-4
2960,-5
2961,-6
2962,-7
2963,-8
2964,-9
2965,-10
2966,-11
2967,-12
2968,-13
2969,-14
2970,-15
2971,-16
2972,-17
2973,-18
2974,-19
2975,-20
2976,-21
2977,-22
2978,-23
2979,-24
2980,-25
2981,-26
2982,-27
2983,-28
2984,-29
2985,-30
2986,-31
2987,-18
2988,-19
2989,-20
2990,-21
2991,-22
2992,-23
2993,-24
2994,-25
2995,-26
2996,-27
2997,-28
2998,-29
2999,-30
3000,-31
3001,-32
3002,-33
3003,-34
3004,-35
3005,-36
3006,-37
3007,-38
3008,-39
3009,-40
3010,-41
3011,-42
3012,-43
3013,-44
3014,-45
3015,-46
3016,-47
3017,-48
3018,-35
3019,-36
3020,-37
3021,-38
3022,-39
3023,-40
3024,-41
3025,-42
3026,-43
3027,-44
3028,-45
3029,-46
3030,-47
3031,-48
3032,-49
3033,-50
3034,-51
3035,-52
3036,-53
3037,-54
3038,-55
3039,-56
3040,-57
3041,-58
3042,-59
3043,-60
3044,-61
3045,-62
3046,-63
3047,-64
3048,-65
3049,-66
3050,-67
3051,-68
3052,-69
3053,-70
3054,-71
3055,-72
3056,-73
3057,-74
3058,-75
3059,-76
3060,-77
3061,-78
3062,-79
3063,-80
3064,-81
3065,-82
3066,-83
3067,-84
3068,-85
3069,-86
3070,-87
3071,-88
3072,-89
3073,-90
3074,-91
3075,-92
3076,-93
3077,-94
3078,-95
3079,-96
3080,-97
3081,-98
3082,-99
3083,-100
3084,-101
3085,-102
3086,-103
3087,-90
3088,-91
3089,-92
3090,-93
3091,-94
3092,-95
3093,-96
3094,-97
3095,-98
3096,-99
3097,-100
3098,-101
3099,-102
3100,-103
3101,-104
3102,-105
3103,-106
3104,-107
3105,-108
3106,-109
3107,-110
3108,-111
3109,-112
3110,-99
3111,-100
3112,-101
3113,-102
3114,-103
3115,-104
3116,-105
3117,-92
3118,-93
3119,-94
3120,-95
3121,-96
3122,-97
3123,-98
3124,-99
3125,-100
3126,-101
3127,-102
3128,-103
3129,-104
3130,-105
3131,-106
3132,-107
3133,-108
3134,-109
3135,-110
3136,-111
3137,-112
3138,-113
3139,-114
3140,-115
3141,-116
3142,-117
3143,-118
3144,-119
3145,-120
3146,-121
3147,-122
3148,-123
3149,-124
3150,-125
3151,-126
3152,-113
3153,-114
3154,-115
3155,-116
3156,-117
3157,-104
3158,-105
3159,-106
3160,-107
3161,-108
3162,-109
3163,-110
3164,-111
3165,-112
3166,-113
3167,-114
3168,-115
3169,-116
3170,-117
3171,-118
3172,-119
3173,-120
3174,-121
3175,-122
3176,-123
3177,-124
3178,-125
3179,-126
3180,-127
3181,-128
3182,-129
3183,-130
3184,-131
3185,-132
3186,-119
3187,-120
3188,-121
3189,-122
3190,-123
3191,-124
3192,-125
3193,-126
3194,-127
3195,-128
3196,-129
3197,-130
3198,-131
3199,-132
3200,-133
3201,-134
3202,-135
3203,-136
3204,-137
3205,-138
3206,-139
3207,-140
3208,-141
3209,-142
3210,-143
3211,-144
3212,-145
3213,-146
3214,-147
3215,-148
3216,-149
3217,-150
3218,-151
3219,-152
3220,-153
3221,-154
3222,-155
3223,-156
3224,-157
3225,-158
3226,-159
3227,-160
3228,-161
3229,-162
3230,-163
3231,-164
3232,-165
3233,-166
3234,-167
3235,-168
3236,-169
3237,-170
3238,-171
3239,-172
3240,-173
3241,-174
3242,-175
3243,-176
3244,-177
3245,-178
3246,-179
3247,-180
3248,-181
3249,-182
3250,-183
3251,-184
3252,-185
3253,-172
3254,-173
3255,-174
3256,-175
3257,-176
3258,-177
3259,-178
3260,-179
3261,-180
3262,-181
3263,-182
3264,-183
3265,-184
3266,-185
3267,-186
3268,-187
3269,-188
3270,-189
3271,-190
3272,-191
3273,-192
3274,-193
3275,-194
3276,-195
3277,-196
3278,-197
3279,-198
3280,-199
3281,-200
3282,-201
3283,-202
3284,-203
3285,-204
3286,-205
3287,-206
3288,-193
3289,-194
3290,-195
3291,-196
3292,-197
3293,-198
3294,-199
3295,-200
3296,-201
3297,-202
3298,-203
3299,-204
3300,-205
3301,-206
3302,-207
3303,-208
3304,-209
3305,-210
3306,-211
3307,-212
3308,-213
3309,-214
3310,-215
3311,-216
3312,-217
3313,-218
3314,-219
3315,-220
3316,-221
3317,-222
3318,-223
3319,-224
3320,-225
3321,-226
3322,-227
3323,-214
3324,-215
3325,-216
3326,-217
3327,-218
3328,-219
3329,-220
3330,-221
3331,-222
3332,-223
3333,-224
3334,-225
3335,-226
3336,-227
3337,-228
3338,-229
3339,-230
3340,-231
3341,-232
3342,-233
3343,-234
3344,-235
3345,-236
3346,-237
3347,-238
3348,-239
3349,-240
3350,-241
3351,-242
3352,-243
3353,-244
3354,-245
3355,-246
3356,-247
3357,-248
3358,-249
3359,-250
3360,-251
3361,-252
3362,-253
3363,-254
3364,-255
3365,-256
3366,-257
3367,-258
3368,-259
3369,-260
3370,-261
3371,-262
3372,-249
3373,-250
3374,-251
3375,-252
3376,-253
3377,-254
3378,-255
3379,-256
3380,-257
3381,-258
3382,-259
3383,-260
3384,-261
3385,-262
3386,-263
3387,-250
3388,-251
3389,-252
3390,-253
3391,-254
3392,-241
3393,-242
3394,-243
3395,-244
3396,-245
3397,-246
3398,-247
3399,-248
3400,-249
3401,-250
3402,-251
3403,-252
3404,-253
3405,-254
3406,-255
3407,-256
3408,-257
3409,-258
3410,-259
3411,-260
3412,-261
3413,-262
3414,-263
3415,-264
3416,-265
3417,-266
3418,-267
3419,-268
3420,-269
3421,-270
3422,-271
3423,-272
3424,-273
3425,-274
3426,-275
3427,-276
3428,-277
3429,-278
3430,-279
3431,-280
3432,-281
3433,-282
3434,-283
3435,-284
3436,-285
3437,-286
3438,-287
3439,-288
3440,-289
3441,-290
3442,-291
3443,-292
3444,-293
3445,-294
3446,-295
3447,-296
3448,-297
3449,-298
3450,-299
3451,-300
3452,-301
3453,-302
3454,-303
3455,-304
3456,-305
3457,-292
3458,-1
3459,-2
3460,-3
3461,-4
3462,-5
3463,-6
3464,-7
3465,-8
3466,-9
3467,-10
3468,-11
3469,-12
3470,-13
3471,-14
3472,-15
3473,-16
3474,-3
3475,-4
3476,-5
3477,-6
3478,-7
3479,6
3480,5
3481,4
3482,3
3483,2
3484,15
3485,14
3486,13
3487,12
3488,11
3489,10
3490,9
3491,22
3492,21
3493,20
3494,19
3495,18
3496,17
3497,16
3498,15
3499,14
3500,13
3501,12
3502,11
3503,10
3504,9
3505,8
3506,7
3507,6
3508,5
3509,4
3510,3
3511,2
3512,1
3513,0
3514,-1
3515,-2
3516,-3
3517,-4
3518,-5
3519,-6
3520,-7
3521,-8
3522,-9
3523,-10
3524,-11
3525,-12
3526,-13
3527,-14
3528,-15
3529,-16
3530,-3
3531,-4
3532,-5
3533,-6
3534,-7
3535,-8
3536,-9
3537,-10
3538,-11
3539,-12
3540,-13
3541,-14
3542,-15
3543,-2
3544,-3
3545,-4
3546,-5
3547,-6
3548,-7
3549,-8
3550,-9
3551,-10
3552,-11
3553,-12
3554,-13
3555,-14
3556,-15
3557,-16
3558,-3
3559,-4
3560,-5
3561,-6
3562,-7
3563,6
3564,5
3565,4
3566,17
3567,16
3568,15
3569,14
3570,13
3571,12
3572,11
3573,24
3574,23
3575,22
3576,21
3577,20
3578,19
3579,18
3580,17
3581,16
3582,15
3583,14
3584,13
3585,12
3586,11
3587,10
3588,23
3589,22
3590,21
3591,20
3592,19
3593,18
3594,17
3595,16
3596,15
3597,14
3598,13
3599,26
3600,25
3601,24
3602,23
3603,22
3604,21
3605,20
3606,19
3607,18
3608,17
3609,16
3610,15
3611,14
3612,13
3613,12
3614,11
3615,10
3616,9
3617,8
3618,7
3619,6
3620,5
3621,4
3622,17
3623,16
3624,15
3625,14
3626,13
3627,12
3628,11
3629,24
3630,23
3631,22
3632,21
3633,20
3634,19
3635,18
3636,17
3637,16
3638,15
3639,14
3640,13
3641,12
3642,11
3643,10
3644,23
3645,22
3646,21
3647,20
3648,19
3649,18
3650,17
3651,16
3652,15
3653,14
3654,13
3655,12
3656,11
3657,10
3658,9
3659,8
3660,7
3661,6
3662,5
3663,4
3664,3
3665,2
3666,1
3667,0
3668,-1
3669,-2
3670,-3
3671,-4
3672,-5
3673,-6
3674,-7
3675,-8
3676,-9
3677,-10
3678,-11
3679,-12
3680,-13
3681,-14
3682,-15
3683,-2
3684,-3
3685,-4
3686,-5
3687,-6
3688,-7
3689,-8
3690,-9
3691,-10
3692,-11
3693,-12
3694,-13
3695,-14
3696,-15
3697,-16
3698,-3
3699,-4
3700,-5
3701,-6
3702,-7
3703,-8
3704,-9
3705,-10
3706,-11
3707,2
3708,1
3709,0
3710,13
3711,12
3712,11
3713,10
3714,9
3715,8
3716,7
3717,6
3718,5
3719,4
3720,3
3721,2
3722,1
3723,0
3724,-1
3725,-2
3726,-3
3727,-4
3728,-5
3729,8
3730,7
3731,6
3732,5
3733,4
3734,3
3735,2
3736,1
3737,0
3738,-1
3739,-2
3740,-3
3741,-4
3742,-5
3743,-6
3744,-7
3745,-8
3746,-9
3747,-10
3748,-11
3749,-12
3750,-13
3751,-14
3752,-1
3753,-2
3754,-3
3755,-4
3756,-5
3757,-6
3758,-7
3759,-8
3760,-9
3761,-10
3762,-11
3763,-12
3764,-13
3765,0
3766,-1
3767,-2
3768,-3
3769,-4
3770,-5
3771,-6
3772,-7
3773,-8
3774,-9
3775,-10
3776,-11
3777,-12
3778,-13
3779,-14
3780,-1
3781,-2
3782,-3
3783,-4
3784,-5
3785,-6
3786,-7
3787,-8
3788,-9
3789,-10
3790,-11
3791,-12
3792,-13
3793,-14
3794,-15
3795,-2
3796,-3
3797,-4
3798,-5
3799,-6
3800,-7
3801,-8
3802,-9
3803,-10
3804,-11
3805,-12
3806,-13
3807,-14
3808,-15
3809,-16
3810,-17
3811,-18
3812,-19
3813,-20
3814,-21
3815,-22
3816,-23
3817,-24
3818,-25
3819,-26
3820,-27
3821,-28
3822,-29
3823,-30
3824,-31
3825,-32
3826,-33
3827,-34
3828,-35
3829,-36
3830,-37
3831,-38
3832,-39
3833,-40
3834,-41
3835,-42
3836,-43
3837,-44
3838,-45
3839,-46
3840,-47
3841,-48
3842,-49
3843,-50
3844,-51
3845,-52
3846,-53
3847,-54
3848,-55
3849,-56
3850,-57
3851,-58
3852,-59
3853,-60
3854,-61
3855,-62
3856,-63
3857,-64
3858,-51
3859,-52
3860,-53
3861,-54
3862,-55
3863,-56
3864,-57
3865,-58
3866,-59
3867,-60
3868,-61
3869,-62
3870,-63
3871,-64
3872,-65
3873,-66
3874,-67
3875,-68
3876,-69
3877,-56
3878,-57
3879,-58
3880,-59
3881,-60
3882,-61
3883,-62
3884,-63
3885,-64
3886,-65
3887,-66
3888,-67
3889,-68
3890,-55
3891,-56
3892,-57
3893,-58
3894,-59
3895,-60
3896,-61
3897,-62
3898,-63
3899,-64
3900,-65
3901,-66
3902,-67
3903,-68
3904,-69
3905,-70
3906,-71
3907,-72
3908,-73
3909,-74
3910,-75
3911,-76
3912,-77
3913,-78
3914,-79
3915,-80
3916,-81
3917,-82
3918,-83
3919,-84
3920,-85
3921,-86
3922,-87
3923,-74
3924,-75
3925,-76
3926,-77
3927,-78
3928,-79
3929,-80
3930,-81
3931,-82
3932,-83
3933,-84
3934,-85
3935,-86
3936,-87
3937,-88
3938,-89
3939,-90
3940,-91
3941,-92
3942,-93
3943,-94
3944,-95
3945,-96
3946,-97
3947,-98
3948,-99
3949,-100
3950,-101
3951,-102
3952,-103
3953,-104
3954,-105
3955,-106
3956,-107
3957,-108
3958,-109
3959,-110
3960,-111
3961,-112
3962,-113
3963,-114
3964,-115
3965,-116
3966,-117
3967,-118
3968,-119
3969,-120
3970,-121
3971,-122
3972,-123
3973,-124
3974,-125
3975,-126
3976,-127
3977,-128
3978,-129
3979,-130
3980,-131
3981,-132
3982,-133
3983,-134
3984,-135
3985,-136
3986,-137
3987,-138
3988,-139
3989,-140
3990,-141
3991,-142
3992,-143
3993,-144
3994,-145
3995,-146
3996,-147
3997,-148
3998,-149
3999,-150
4000,-137
4001,-138
4002,-139
4003,-140
4004,-141
4005,-142
4006,-143
4007,-144
4008,-145
4009,-146
4010,-147
4011,-148
4012,-149
4013,-136
4014,-137
4015,-138
4016,-139
4017,-140
4018,-141
4019,-142
4020,-143
4021,-144
4022,-145
4023,-146
4024,-147
4025,-148
4026,-135
4027,-136
4028,-137
4029,-138
4030,-139
4031,-140
4032,-141
4033,-142
4034,-143
4035,-130
4036,-1
4037,-2
4038,-3
4039,-4
4040,9
4041,8
4042,7
4043,6
4044,5
4045,4
4046,3
4047,16
4048,15
4049,14
4050,13
4051,12
4052,11
4053,10
4054,9
4055,8
4056,21
4057,20
4058,19
4059,18
4060,17
4061,30
4062,29
4063,28
4064,27
4065,26
4066,25
4067,24
4068,23
4069,22
4070,35
4071,34
4072,33
4073,46
4074,45
4075,44
4076,43
4077,42
4078,41
4079,40
4080,53
4081,52
4082,51
4083,50
4084,49
4085,48
4086,47
4087,46
4088,45
4089,44
4090,43
4091,56
4092,55
4093,54
4094,53
4095,52
4096,51
4097,50
4098,49
4099,48
4100,47
4101,46
4102,45
4103,44
4104,43
4105,42
4106,41
4107,40
4108,39
4109,38
4110,37
4111,36
4112,35
4113,34
4114,47
4115,46
4116,45
4117,58
4118,57
4119,56
4120,55
4121,54
4122,67
4123,66
4124,65
4125,64
4126,63
4127,62
4128,61
4129,60
4130,59
4131,58
4132,57
4133,56
4134,55
4135,68
4136,67
4137,66
4138,65
4139,64
4140,63
4141,62
4142,61
4143,60
4144,59
4145,58
4146,57
4147,56
4148,55
4149,54
4150,53
4151,52
4152,51
4153,50
4154,63
4155,62
4156,61
4157,60
4158,59
4159,58
4160,57
4161,56
4162,55
4163,54
4164,53
4165,52
4166,51
4167,50
4168,49
4169,48
4170,47
4171,46
4172,45
4173,44
4174,43
4175,42
4176,41
4177,40
4178,39
4179,38
4180,37
4181,36
4182,35
4183,34
4184,33
4185,32
4186,31
4187,30
4188,29
4189,28
4190,27
4191,40
4192,39
4193,38
4194,37
4195,36
4196,35
4197,34
4198,33
4199,32
4200,31
4201,30
4202,29
4203,28
4204,27
4205,26
4206,25
4207,24
4208,23
4209,22
4210,21
4211,20
4212,19
4213,18
4214,17
4215,16
4216,29
4217,28
4218,27
4219,26
4220,25
4221,24
4222,23
4223,22
4224,21
4225,20
4226,19
4227,18
4228,17
4229,16
4230,15
4231,28
4232,27
4233,26
4234,39
4235,38
4236,37
4237,50
4238,49
4239,48
4240,47
4241,46
4242,45
4243,44
4244,43
4245,42
4246,41
4247,40
4248,39
4249,38
4250,37
4251,36
4252,35
4253,34
4254,33
4255,32
4256,31
4257,30
4258,29
4259,28
4260,27
4261,26
4262,25
4263,24
4264,23
4265,22
4266,21
4267,20
4268,19
4269,18
4270,17
4271,16
4272,15
4273,14
4274,13
4275,12
4276,11
4277,10
4278,9
4279,8
4280,7
4281,6
4282,5
4283,4
4284,3
4285,2
4286,1
4287,0
4288,-1
4289,-2
4290,-3
4291,-4
4292,-5
4293,-6
4294,-7
4295,-8
4296,-9
4297,-10
4298,-11
4299,-12
4300,-13
4301,-14
4302,-1
4303,-2
4304,-3
4305,-4
4306,-5
4307,-6
4308,-7
4309,-8
4310,-9
4311,-10
4312,-11
4313,-12
4314,-13
4315,0
4316,-1
4317,-2
4318,-3
4319,-4
4320,-5
4321,-6
4322,-7
4323,-8
4324,-9
4325,-10
4326,-11
4327,-12
4328,-13
4329,-14
4330,-15
4331,-16
4332,-17
4333,-18
4334,-19
4335,-20
4336,-7
4337,-8
4338,-9
4339,4
4340,3
4341,2
4342,1
4343,0
4344,-1
4345,-2
4346,-3
4347,-4
4348,-5
4349,-6
4350,-7
4351,-8
4352,-9
4353,-10
4354,-11
4355,-12
4356,-13
4357,-14
4358,-15
4359,-16
4360,-17
4361,-18
4362,-19
4363,-20
4364,-21
4365,-22
4366,-23
4367,-24
4368,-25
4369,-26
4370,-27
4371,-28
4372,-29
4373,-30
4374,-31
4375,-32
4376,-33
4377,-34
4378,-21
4379,-22
4380,-23
4381,-24
4382,-25
4383,-26
4384,-27
4385,-28
4386,-29
4387,-30
4388,-31
4389,-18
4390,-19
4391,-20
4392,-21
4393,-22
4394,-23
4395,-24
4396,-25
4397,-26
4398,-13
4399,-14
4400,-15
4401,-16
4402,-17
4403,-18
4404,-19
4405,-20
4406,-21
4407,-22
4408,-23
4409,-24
4410,-25
4411,-26
4412,-27
4413,-28
4414,-29
4415,-30
4416,-31
4417,-32
4418,-33
4419,-34
4420,-35
4421,-36
4422,-37
4423,-38
4424,-39
4425,-40
4426,-41
4427,-42
4428,-43
4429,-44
4430,-45
4431,-46
4432,-47
4433,-48
4434,-49
4435,-36
4436,-37
4437,-38
4438,-39
4439,-40
4440,-41
4441,-42
4442,-43
4443,-44
4444,-45
4445,-46
4446,-47
4447,-48
4448,-49
4449,-50
4450,-51
4451,-52
4452,-53
4453,-54
4454,-55
4455,-56
4456,-57
4457,-58
4458,-59
4459,-60
4460,-61
4461,-62
4462,-63
4463,-64
4464,-65
4465,-66
4466,-67
4467,-68
4468,-69
4469,-70
4470,-71
4471,-72
4472,-73
4473,-74
4474,-75
4475,-76
4476,-77
4477,-78
4478,-79
4479,-80
4480,-81
4481,-82
4482,-83
4483,-84
4484,-85
4485,-86
4486,-73
4487,-74
4488,-75
4489,-76
4490,-77
4491,-78
4492,-79
4493,-80
4494,-81
4495,-82
4496,-83
4497,-84
4498,-85
4499,-86
4500,-87
4501,-88
4502,-89
4503,-90
4504,-91
4505,-92
4506,-93
4507,-94
4508,-95
4509,-96
4510,-97
4511,-98
4512,-99
4513,-100
4514,-101
4515,-102
4516,-103
4517,-104
4518,-105
4519,-106
4520,-107
4521,-108
4522,-109
4523,-110
4524,-111
4525,-112
4526,-113
4527,-114
4528,-115
4529,-116
4530,-117
4531,-118
4532,-119
4533,-120
4534,-121
4535,-122
4536,-123
4537,-124
4538,-125
4539,-126
4540,-127
4541,-128
4542,-129
4543,-130
4544,-131
4545,-132
4546,-133
4547,-134
4548,-135
4549,-136
4550,-137
4551,-138
4552,-139
4553,-140
4554,-141
4555,-142
4556,-143
4557,-144
4558,-145
4559,-146
4560,-147
4561,-148
4562,-149
4563,-150
4564,-151
4565,-152
4566,-153
4567,-154
4568,-155
4569,-142
4570,-143
4571,-144
4572,-145
4573,-146
4574,-147
4575,-148
4576,-149
4577,-150
4578,-137
4579,-138
4580,-139
4581,-140
4582,-141
4583,-142
4584,-143
4585,-144
4586,-145
4587,-146
4588,-147
4589,-148
4590,-149
4591,-150
4592,-151
4593,-152
4594,-153
4595,-154
4596,-155
4597,-156
4598,-157
4599,-158
4600,-159
4601,-160
4602,-161
4603,-162
4604,-163
4605,-164
4606,-165
4607,-166
4608,-167
4609,-168
4610,-169
4611,-170
4612,-171
4613,-172
4614,-173
4615,-174
4616,-175
4617,-176
4618,-177
4619,-178
4620,-179
4621,-180
4622,-181
4623,-182
4624,-183
4625,-184
4626,-185
4627,-186
4628,-187
4629,-188
4630,-189
4631,-190
4632,-191
4633,-192
4634,-193
4635,-194
4636,-195
4637,-196
4638,-197
4639,-198
4640,-199
4641,-200
4642,-201
4643,-202
4644,-203
4645,-204
4646,-205
4647,-206
4648,-207
4649,-208
4650,-209
4651,-210
4652,-211
4653,-212
4654,-213
4655,-214
4656,-215
4657,-216
4658,-217
4659,-218
4660,-219
4661,-220
4662,-221
4663,-222
4664,-223
4665,-224
4666,-225
4667,-226
4668,-227
4669,-228
4670,-229
4671,-230
4672,-231
4673,-232
4674,-233
4675,-234
4676,-235
4677,-236
4678,-237
4679,-238
4680,-239
4681,-240
4682,-241
4683,-242
4684,-243
4685,-244
4686,-245
4687,-246
4688,-247
4689,-248
4690,-249
4691,-250
4692,-251
4693,-252
4694,-253
4695,-254
4696,-255
4697,-242
4698,-243
4699,-244
4700,-245
4701,-246
4702,-247
4703,-248
4704,-249
4705,-250
4706,-237
4707,-238
4708,-239
4709,-240
4710,-241
4711,-242
4712,-243
4713,-244
4714,-245
4715,-246
4716,-247
4717,-248
4718,-249
4719,-250
4720,-251
4721,-252
4722,-253
4723,-254
4724,-255
4725,-256
4726,-257
4727,-258
4728,-259
4729,-260
4730,-261
4731,-262
4732,-263
4733,-264
4734,-265
4735,-266
4736,-267
4737,-268
4738,-269
4739,-270
4740,-271
4741,-272
4742,-273
4743,-274
4744,-275
4745,-276
4746,-277
4747,-278
4748,-279
4749,-280
4750,-281
4751,-282
4752,-283
4753,-284
4754,-285
4755,-286
4756,-287
4757,-288
4758,-289
4759,-290
4760,-291
4761,-292
4762,-293
4763,-294
4764,-295
4765,-296
4766,-297
4767,-298
4768,-299
4769,-300
4770,-301
4771,-302
4772,-303
4773,-304
4774,-305
4775,-306
4776,-307
4777,-308
4778,-309
4779,-310
4780,-311
4781,-312
4782,-313
4783,-314
4784,-315
4785,-316
4786,-317
4787,-318
4788,-319
4789,-320
4790,-321
4791,-322
4792,-323
4793,-324
4794,-325
4795,-326
4796,-327
4797,-328
4798,-329
4799,-330
4800,-331
4801,-332
4802,-333
4803,-334
4804,-335
4805,-336
4806,-337
4807,-338
4808,-339
4809,-340
4810,-341
4811,-342
4812,-343
4813,-344
4814,-345
4815,-346
4816,-347
4817,-348
4818,-349
4819,-350
4820,-351
4821,-352
4822,-353
4823,-354
4824,-355
4825,-356
4826,-357
4827,-358
4828,-359
4829,-360
4830,-361
4831,-362
4832,-363
4833,-364
4834,-365
4835,-366
4836,-367
4837,-368
4838,-369
4839,-370
4840,-371
4841,-372
4842,-373
4843,-374
4844,-375
4845,-376
4846,-377
4847,-378
4848,-379
4849,-380
4850,-381
4851,-382
4852,-383
4853,-384
4854,-385
4855,-386
4856,-387
4857,-388
4858,-389
4859,-390
4860,-391
4861,-392
4862,-393
4863,-394
4864,-395
4865,-396
4866,-397
4867,-398
4868,-399
4869,-400
4870,-401
4871,-402
4872,-403
4873,-404
4874,-405
4875,-406
4876,-407
4877,-408
4878,-409
4879,-410
4880,-411
4881,-412
4882,-413
4883,-414
4884,-415
4885,-416
4886,-417
4887,-418
4888,-419
4889,-420
4890,-421
4891,-422
4892,-423
4893,-424
4894,-425
4895,-426
4896,-427
4897,-428
4898,-429
4899,-430
4900,-431
4901,-432
4902,-433
4903,-434
4904,-435
4905,-436
4906,-437
4907,-438
4908,-439
4909,-440
4910,-441
4911,-442
4912,-443
4913,-444
4914,-445
4915,-446
4916,-447
4917,-448
4918,-449
4919,-450
4920,-451
4921,-452
4922,-453
4923,-454
4924,-455
4925,-456
4926,-457
4927,-458
4928,-459
4929,-460
4930,-461
4931,-462
4932,-463
4933,-464
4934,-465
4935,-466
4936,-467
4937,-468
4938,-469
4939,-470
4940,-471
4941,-472
4942,-473
4943,-474
4944,-475
4945,-476
4946,-477
4947,-478
4948,-479
4949,-480
4950,-481
4951,-482
4952,-483
4953,-484
4954,-485
4955,-486
4956,-487
4957,-488
4958,-489
4959,-490
4960,-491
4961,-492
4962,-493
4963,-494
4964,-495
4965,-496
4966,-497
4967,-498
4968,-499
4969,-500
4970,-501
4971,-502
4972,-503
4973,-504
4974,-505
4975,-506
4976,-507
4977,-508
4978,-509
4979,-510
4980,-511
4981,-498
4982,-1
4983,-2
4984,-3
4985,-4
4986,9
4987,8
4988,7
4989,6
4990,5
4991,4
4992,3
4993,2
4994,1
4995,0
4996,-1
4997,-2
4998,-3
4999,-4
5000,-5
5001,-6
5002,-7
5003,6
5004,5
5005,4
5006,3
5007,2
5008,1
5009,0
5010,-1
5011,-2
5012,-3
5013,-4
5014,-5
5015,-6
5016,-7
5017,-8
5018,-9
5019,-10
5020,-11
5021,-12
5022,-13
5023,-14
5024,-15
5025,-16
5026,-17
5027,-18
5028,-19
5029,-20
5030,-21
5031,-22
5032,-23
5033,-24
5034,-25
5035,-26
5036,-27
5037,-28
5038,-29
5039,-30
5040,-31
5041,-32
5042,-33
5043,-34
5044,-35
5045,-36
5046,-37
5047,-38
5048,-25
5049,-26
5050,-27
5051,-28
5052,-29
5053,-30
5054,-31
5055,-32
5056,-33
5057,-20
5058,-21
5059,-22
5060,-23
5061,-24
5062,-25
5063,-26
5064,-27
5065,-28
5066,-29
5067,-30
5068,-31
5069,-32
5070,-33
5071,-34
5072,-35
5073,-36
5074,-37
5075,-38
5076,-39
5077,-40
5078,-27
5079,-28
5080,-29
5081,-30
5082,-31
5083,-32
5084,-33
5085,-34
5086,-35
5087,-36
5088,-37
5089,-38
5090,-39
5091,-40
5092,-41
5093,-42
5094,-43
5095,-44
5096,-45
5097,-46
5098,-47
5099,-48
5100,-49
5101,-50
5102,-51
5103,-38
5104,-39
5105,-40
5106,-27
5107,-28
5108,-29
5109,-30
5110,-31
5111,-18
5112,-19
5113,-20
5114,-21
5115,-22
5116,-23
5117,-24
5118,-25
5119,-26
5120,-27
5121,-28
5122,-29
5123,-30
5124,-31
5125,-32
5126,-19
5127,-20
5128,-21
5129,-22
5130,-23
5131,-24
5132,-25
5133,-26
5134,-27
5135,-28
5136,-29
5137,-30
5138,-31
5139,-32
5140,-33
5141,-34
5142,-35
5143,-36
5144,-37
5145,-38
5146,-39
5147,-40
5148,-41
5149,-42
5150,-43
5151,-44
5152,-45
5153,-46
5154,-47
5155,-48
5156,-49
5157,-50
5158,-51
5159,-52
5160,-53
5161,-54
5162,-55
5163,-56
5164,-57
5165,-58
5166,-59
5167,-60
5168,-61
5169,-62
5170,-63
5171,-64
5172,-65
5173,-66
5174,-67
5175,-68
5176,-69
5177,-56
5178,-57
5179,-58
5180,-59
5181,-60
5182,-61
5183,-62
5184,-63
5185,-64
5186,-65
5187,-66
5188,-67
5189,-68
5190,-69
5191,-70
5192,-71
5193,-72
5194,-73
5195,-74
5196,-75
5197,-76
5198,-77
5199,-78
5200,-65
5201,-66
5202,-67
5203,-54
5204,-55
5205,-56
5206,-57
5207,-58
5208,-59
5209,-60
5210,-61
5211,-62
5212,-49
5213,-50
5214,-51
5215,-52
5216,-53
5217,-54
5218,-55
5219,-56
5220,-57
5221,-58
5222,-59
5223,-46
5224,-47
5225,-48
5226,-49
5227,-50
5228,-51
5229,-52
5230,-53
5231,-54
5232,-55
5233,-56
5234,-57
5235,-58
5236,-59
5237,-60
5238,-61
5239,-62
5240,-63
5241,-64
5242,-65
5243,-66
5244,-67
5245,-68
5246,-69
5247,-70
5248,-71
5249,-72
5250,-59
5251,-60
5252,-61
5253,-62
5254,-63
5255,-50
5256,-51
5257,-52
5258,-53
5259,-54
5260,-55
5261,-56
5262,-43
5263,-44
5264,-45
5265,-46
5266,-47
5267,-48
5268,-49
5269,-50
5270,-51
5271,-38
5272,-39
5273,-40
5274,-41
5275,-42
5276,-43
5277,-44
5278,-45
5279,-46
5280,-47
5281,-48
5282,-49
5283,-50
5284,-51
5285,-52
5286,-39
5287,-40
5288,-41
5289,-42
5290,-43
5291,-44
5292,-45
5293,-46
5294,-47
5295,-48
5296,-49
5297,-50
5298,-51
5299,-52
5300,-53
5301,-54
5302,-55
5303,-56
5304,-57
5305,-58
5306,-59
5307,-60
5308,-61
5309,-62
5310,-63
5311,-64
5312,-65
5313,-66
5314,-67
5315,-68
5316,-69
5317,-70
5318,-71
5319,-72
5320,-73
5321,-74
5322,-75
5323,-62
5324,-63
5325,-64
5326,-65
5327,-66
5328,-67
5329,-68
5330,-69
5331,-70
5332,-71
5333,-72
5334,-73
5335,-74
5336,-75
5337,-76
5338,-77
5339,-78
5340,-79
5341,-80
5342,-81
5343,-82
5344,-83
5345,-84
5346,-85
5347,-86
5348,-87
5349,-88
5350,-89
5351,-90
5352,-91
5353,-92
5354,-93
5355,-94
5356,-95
5357,-96
5358,-83
5359,-84
5360,-85
5361,-86
5362,-87
5363,-88
5364,-89
5365,-90
5366,-91
5367,-92
5368,-93
5369,-80
5370,-81
5371,-82
5372,-83
5373,-84
5374,-85
5375,-86
5376,-87
5377,-88
5378,-89
5379,-90
5380,-91
5381,-92
5382,-93
5383,-94
5384,-95
5385,-96
5386,-97
5387,-98
5388,-99
5389,-100
5390,-101
5391,-102
5392,-103
5393,-104
5394,-105
5395,-106
5396,-107
5397,-108
5398,-109
5399,-110
5400,-111
5401,-112
5402,-113
5403,-114
5404,-115
5405,-116
5406,-117
5407,-118
5408,-119
5409,-120
5410,-121
5411,-122
5412,-123
5413,-124
5414,-125
5415,-126
5416,-113
5417,-114
5418,-115
5419,-116
5420,-117
5421,-118
5422,-119
5423,-120
5424,-121
5425,-122
5426,-123
5427,-124
5428,-125
5429,-126
5430,-127
5431,-128
5432,-129
5433,-130
5434,-131
5435,-132
5436,-133
5437,-134
5438,-135
5439,-136
5440,-137
5441,-138
5442,-139
5443,-126
5444,-127
5445,-128
5446,-129
5447,-130
5448,-131
5449,-132
5450,-133
5451,-134
5452,-135
5453,-136
5454,-137
5455,-138
5456,-139
5457,-140
5458,-141
5459,-142
5460,-143
5461,-144
5462,-145
5463,-146
5464,-147
5465,-148
5466,-149
5467,-150
5468,-151
5469,-152
5470,-153
5471,-154
5472,-155
5473,-156
5474,-157
5475,-158
5476,-159
5477,-160
5478,-161
5479,-162
5480,-163
5481,-164
5482,-165
5483,-166
5484,-167
5485,-168
5486,-169
5487,-170
5488,-171
5489,-172
5490,-173
5491,-174
5492,-161
5493,-162
5494,-163
5495,-164
5496,-165
5497,-166
5498,-167
5499,-168
5500,-169
5501,-170
5502,-171
5503,-172
5504,-173
5505,-174
5506,-175
5507,-176
5508,-177
5509,-178
5510,-179
5511,-180
5512,-181
5513,-182
5514,-183
5515,-184
5516,-185
5517,-186
5518,-187
5519,-188
5520,-189
5521,-190
5522,-191
5523,-192
5524,-193
5525,-194
5526,-195
5527,-196
5528,-197
5529,-198
5530,-199
5531,-200
5532,-201
5533,-202
5534,-203
5535,-204
5536,-205
5537,-206
5538,-207
5539,-208
5540,-209
5541,-210
5542,-211
5543,-212
5544,-213
5545,-214
5546,-215
5547,-216
5548,-217
5549,-218
5550,-219
5551,-220
5552,-221
5553,-222
5554,-223
5555,-224
5556,-225
5557,-226
5558,-227
5559,-228
5560,-229
5561,-230
5562,-231
5563,-232
5564,-233
5565,-234
5566,-235
5567,-236
5568,-237
5569,-238
5570,-239
5571,-240
5572,-241
5573,-242
5574,-243
5575,-244
5576,-245
5577,-246
5578,-247
5579,-248
5580,-249
5581,-250
5582,-251
5583,-252
5584,-253
5585,-254
5586,-255
5587,-256
5588,-257
5589,-258
5590,-259
5591,-260
5592,-261
5593,-262
5594,-263
5595,-264
5596,-265
5597,-266
5598,-267
5599,-268
5600,-269
5601,-270
5602,-271
5603,-272
5604,-273
5605,-274
5606,-275
5607,-276
5608,-277
5609,-278
5610,-279
5611,-280
5612,-281
5613,-282
5614,-283
5615,-284
5616,-285
5617,-286
5618,-287
5619,-288
5620,-289
5621,-290
5622,-291
5623,-292
5624,-293
5625,-294
5626,-295
5627,-296
5628,-297
5629,-298
5630,-299
5631,-300
5632,-301
5633,-302
5634,-303
5635,-304
5636,-305
5637,-306
5638,-307
5639,-308
5640,-309
5641,-310
5642,-311
5643,-312
5644,-313
5645,-300
5646,-301
5647,-302
5648,-303
5649,-304
5650,-305
5651,-306
5652,-307
5653,-308
5654,-309
5655,-310
5656,-311
5657,-312
5658,-313
5659,-314
5660,-315
5661,-316
5662,-317
5663,-318
5664,-319
5665,-320
5666,-321
5667,-322
5668,-323
5669,-324
5670,-325
5671,-326
5672,-327
5673,-328
5674,-329
5675,-330
5676,-331
5677,-332
5678,-333
5679,-334
5680,-335
5681,-336
5682,-323
5683,-324
5684,-325
5685,-326
5686,-327
5687,-328
5688,-329
5689,-330
5690,-331
5691,-332
5692,-333
5693,-334
5694,-335
5695,-336
5696,-337
5697,-338
5698,-339
5699,-340
5700,-341
5701,-342
5702,-343
5703,-344
5704,-345
5705,-346
5706,-347
5707,-348
5708,-349
5709,-350
5710,-351
5711,-352
5712,-353
5713,-354
5714,-355
5715,-356
5716,-357
5717,-358
5718,-359
5719,-360
5720,-361
5721,-362
5722,-363
5723,-364
5724,-365
5725,-366
5726,-367
5727,-368
5728,-369
5729,-370
5730,-371
5731,-372
5732,-373
5733,-374
5734,-375
5735,-376
5736,-377
5737,-378
5738,-379
5739,-380
5740,-381
5741,-382
5742,-383
5743,-384
5744,-385
5745,-386
5746,-387
5747,-388
5748,-389
5749,-390
5750,-391
5751,-392
5752,-393
5753,-394
5754,-395
5755,-396
5756,-397
5757,-398
5758,-399
5759,-400
5760,-401
5761,-402
5762,-403
5763,-404
5764,-405
5765,-406
5766,-407
5767,-408
5768,-409
5769,-410
5770,-411
5771,-412
5772,-413
5773,-414
5774,-415
5775,-416
5776,-417
5777,-418
5778,-419
5779,-420
5780,-421
5781,-422
5782,-423
5783,-424
5784,-425
5785,-426
5786,-427
5787,-428
5788,-429
5789,-430
5790,-431
5791,-432
5792,-433
5793,-434
5794,-435
5795,-436
5796,-437
5797,-438
5798,-439
5799,-440
5800,-441
5801,-442
5802,-443
5803,-444
5804,-445
5805,-446
5806,-447
5807,-448
5808,-449
5809,-450
5810,-451
5811,-452
5812,-453
5813,-454
5814,-455
5815,-456
5816,-457
5817,-458
5818,-459
5819,-460
5820,-461
5821,-462
5822,-463
5823,-464
5824,-465
5825,-466
5826,-467
5827,-468
5828,-469
5829,-470
5830,-471
5831,-472
5832,-473
5833,-474
5834,-475
5835,-476
5836,-477
5837,-478
5838,-479
5839,-480
5840,-481
5841,-482
5842,-483
5843,-484
5844,-485
5845,-486
5846,-487
5847,-488
5848,-489
5849,-490
5850,-491
5851,-492
5852,-493
5853,-494
5854,-495
5855,-496
5856,-497
5857,-498
5858,-499
5859,-500
5860,-501
5861,-502
5862,-503
5863,-504
5864,-505
5865,-506
5866,-507
5867,-508
5868,-509
5869,-510
5870,-511
5871,-512
5872,-513
5873,-514
5874,-515
5875,-516
5876,-517
5877,-518
5878,-519
5879,-520
5880,-521
5881,-522
5882,-523
5883,-524
5884,-525
5885,-526
5886,-527
5887,-528
5888,-529
5889,-530
5890,-531
5891,-532
5892,-533
5893,-534
5894,-535
5895,-536
5896,-537
5897,-538
5898,-539
5899,-540
5900,-541
5901,-542
5902,-543
5903,-544
5904,-545
5905,-546
5906,-547
5907,-548
5908,-549
5909,-550
5910,-551
5911,-552
5912,-553
5913,-554
5914,-555
5915,-556
5916,-557
5917,-558
5918,-559
5919,-560
5920,-561
5921,-562
5922,-563
5923,-564
5924,-565
5925,-566
5926,-567
5927,-568
5928,-569
5929,-570
5930,-571
5931,-572
5932,-573
5933,-574
5934,-575
5935,-576
5936,-577
5937,-578
5938,-579
5939,-580
5940,-581
5941,-582
5942,-583
5943,-584
5944,-585
5945,-586
5946,-587
5947,-588
5948,-589
5949,-590
5950,-591
5951,-592
5952,-593
5953,-594
5954,-595
5955,-596
5956,-597
5957,-598
5958,-599
5959,-600
5960,-601
5961,-602
5962,-603
5963,-604
5964,-605
5965,-606
5966,-607
5967,-608
5968,-609
5969,-610
5970,-611
5971,-612
5972,-613
5973,-614
5974,-615
5975,-616
5976,-617
5977,-618
5978,-619
5979,-620
5980,-621
5981,-622
5982,-623
5983,-624
5984,-625
5985,-626
5986,-627
5987,-628
5988,-629
5989,-616
5990,-617
5991,-618
5992,-619
5993,-620
5994,-621
5995,-622
5996,-623
5997,-624
5998,-625
5999,-626
6000,-627
